,dered_petro_u,dered_petro_g,dered_petro_r,dered_petro_i,dered_petro_z,petroMagErr_u,petroMagErr_g,petroMagErr_r,petroMagErr_i,petroMagErr_z,v_disp,sersicN_r,petroR90_r,oob
5,0.07804894000597198,0.074938957335725,0.07180298147233817,0.07600763109196318,0.07093778831159087,0.07907183225433223,0.08153453529857195,0.07526784262343836,0.07525441293806215,0.08216708804295077,0.07402038978011512,0.07811030594386,0.0828372949010802,-880487003.6402664
20,0.0614115229346671,0.06004280840121486,0.10956234342443101,0.0588281078210096,0.05816733065922649,0.06519165951401021,0.06392064309353404,0.11047264778195312,0.058378613626540156,0.16821776785849152,0.057732918833657144,0.06098636351337986,0.0670872725378849,-949405.5142289212
50,0.06694201594746045,0.08533648335219726,0.10503668066387767,0.06413854725697922,0.06570388067403986,0.0716285351968027,0.07204009676388885,0.08624922345448222,0.06493477562622699,0.11333932758704787,0.06221105041108814,0.06704642403112415,0.07539295903478452,0.2394488688834994
200,0.07176536025201848,0.0743050012189173,0.08957000654061992,0.07823569281706493,0.06888062843268501,0.07962040875329392,0.07980393925142097,0.07386874407337474,0.06870803549037358,0.09802854008102281,0.06607129109535538,0.0707370456320457,0.08040530636180733,0.2594952834625136
500,0.07195004289263965,0.07142025603981039,0.09377960954192617,0.07811240771598603,0.06867948928160417,0.07934370820240183,0.07893026603936787,0.07751707113834443,0.07113986732227907,0.09214883684789435,0.06573531305881107,0.07077240956848989,0.08047072235044522,0.23519162593677265
