,dered_petro_u,dered_petro_g,dered_petro_r,dered_petro_i,dered_petro_z,petroMagErr_u,petroMagErr_g,petroMagErr_r,petroMagErr_i,petroMagErr_z,v_disp,sersicN_r,petroR90_r,oob
5,0.07119289739646847,0.05125035972137206,0.058005644364534065,0.25048074243730173,0.10694236725842808,0.057314339314728034,0.05275084418689151,0.044398550356362025,0.045786885032976364,0.05351127211854194,0.1041727141549043,0.05230756614725145,0.0518858175102401,-880487003.5125706
20,0.07004414916379705,0.037751342790347676,0.08044241275092287,0.14464040533543182,0.06828472244084485,0.07430092534699825,0.14002817678231977,0.04074678492956124,0.04149712985236751,0.1308393469578572,0.08937499124704967,0.03858153938882467,0.0434680730136774,-949405.3884315614
50,0.055903833238313605,0.06323125914644603,0.08593236145339196,0.11541557440949578,0.0820709470488872,0.073263504151991,0.10873065061904917,0.06349886177076267,0.04300045656896705,0.1208869381910306,0.07860108716267505,0.04903991286506452,0.060424613373925504,0.31215115097979185
200,0.05293517257421077,0.08994282681553964,0.1286050280741484,0.0885034429343781,0.07078750518677683,0.0985909158626549,0.09927160582372291,0.056374219004944395,0.04121757263541784,0.11639495535163137,0.0605489022288675,0.041458744327014976,0.05536910918069239,0.3172517848875788
500,0.05376065998574165,0.07894385000865267,0.1300130910485562,0.09449427194872541,0.0766870916178769,0.09801058144603543,0.09892027788979371,0.059752068178244015,0.04186244262009534,0.11740460096542876,0.05863904353969872,0.040228635769312085,0.0512833849818391,0.3139529140297421
